date,keyword,cluster,slug,filename,url,status,error
2026-04-23,managed service,Managed IT Services,,,,failed,ANTHROPIC_API_KEY not found. Set the env var or create C:\Users\Owner\Documents\Claude\.secrets\anthropic.txt
2026-04-23,managed service,Managed IT Services,what-is-a-managed-service,2026-04-23-what-is-a-managed-service.html,https://yorkcomputer.net/blog/what-is-a-managed-service.html,push_failed,git push returned non-zero
2026-04-23,managed service,Managed IT Services,,,,failed,ANTHROPIC_API_KEY not found. Set the env var or create C:\Users\Owner\Documents\Claude\.secrets\anthropic.txt
2026-04-23,managed service,Managed IT Services,what-is-a-managed-service,2026-04-23-what-is-a-managed-service.html,https://yorkcomputer.net/blog/what-is-a-managed-service.html,published,
2026-04-23,in home it support,Residential IT,in-home-it-support-york-pa,2026-04-23-in-home-it-support-york-pa.html,https://yorkcomputer.net/blog/in-home-it-support-york-pa.html,published,
2026-04-24,msps near me,Managed IT Services,msps-near-me-york-pa,2026-04-24-msps-near-me-york-pa.html,https://yorkcomputer.net/blog/msps-near-me-york-pa.html,published,
2026-04-25,managed services services,Managed IT Services,managed-services-services-what-small-businesses-get,2026-04-25-managed-services-services-what-small-businesses-get.html,https://yorkcomputer.net/blog/managed-services-services-what-small-businesses-get.html,published,
2026-04-26,managed it services provider,Managed IT Services,managed-it-services-provider-york-pa,2026-04-26-managed-it-services-provider-york-pa.html,https://yorkcomputer.net/blog/managed-it-services-provider-york-pa.html,published,
2026-04-27,managed service providers near me,Managed IT Services,managed-service-providers-near-me-york-pa,2026-04-27-managed-service-providers-near-me-york-pa.html,https://yorkcomputer.net/blog/managed-service-providers-near-me-york-pa.html,published,
